{
  "paper_id": "paper_011",
  "study_type": "ml_classification",
  "title": "Machine Learning Approach for Automated Disease Classification",
  "ground_truth_data": {
    "n_samples": 1083,
    "n_class_0": 619,
    "n_class_1": 464,
    "tp": 349,
    "tn": 522,
    "fp": 97,
    "fn": 115,
    "accuracy": 0.804247460757156,
    "precision": 0.7825112107623319,
    "recall": 0.7521551724137931,
    "f1_score": 0.7670329670329671,
    "sensitivity": 0.7522962043885639,
    "specificity": 0.844144363872039
  },
  "errors": [],
  "is_control": false
}